{
    "Logistic Regression": {
        "accuracy": 0.686641697877653,
        "precision": 0.5098684210526315,
        "recall": 0.603112840466926,
        "f1_score": 0.5525846702317291,
        "confusion_matrix": [
            [
                395,
                149
            ],
            [
                102,
                155
            ]
        ],
        "feature_importance": {
            "Frequency": 0.4063805092565173,
            "Recency": 0.13210881521259782,
            "Monetary": 0.11184462011568927,
            "MaxOrderValue": 0.10109996102793474,
            "MinOrderValue": 0.06280566343897373,
            "OrderValueStd": 0.05855572765028268,
            "AvgOrderValue": 0.04049759748391207,
            "PurchaseFreqPerDay": 0.032526410923026924,
            "AvgItemsPerOrder": 0.029509450736934444,
            "Tenure": 0.02467124415413107
        }
    },
    "Random Forest": {
        "accuracy": 0.7215980024968789,
        "precision": 0.580952380952381,
        "recall": 0.47470817120622566,
        "f1_score": 0.5224839400428265,
        "confusion_matrix": [
            [
                456,
                88
            ],
            [
                135,
                122
            ]
        ],
        "feature_importance": {
            "Monetary": 0.13518592699165202,
            "Recency": 0.132908977348923,
            "Frequency": 0.11820139977845265,
            "Tenure": 0.11126366546563134,
            "PurchaseFreqPerDay": 0.09794738768424209,
            "AvgItemsPerOrder": 0.08857161808107228,
            "MinOrderValue": 0.08655641391071953,
            "AvgOrderValue": 0.07804122624864641,
            "OrderValueStd": 0.07610927896476534,
            "MaxOrderValue": 0.07521410552589533
        }
    },
    "Gradient Boosting": {
        "accuracy": 0.7528089887640449,
        "precision": 0.7185185185185186,
        "recall": 0.377431906614786,
        "f1_score": 0.49489795918367346,
        "confusion_matrix": [
            [
                506,
                38
            ],
            [
                160,
                97
            ]
        ],
        "feature_importance": {
            "Frequency": 0.3620259354131439,
            "Recency": 0.11839381635208475,
            "Tenure": 0.10811384456400037,
            "PurchaseFreqPerDay": 0.09827404498868998,
            "Monetary": 0.07477993581691725,
            "AvgItemsPerOrder": 0.06546209015940573,
            "MinOrderValue": 0.05376473572023429,
            "OrderValueStd": 0.044108197976262115,
            "MaxOrderValue": 0.04338587160312526,
            "AvgOrderValue": 0.031691527406136386
        }
    }
}