{
    "Logistic Regression": {
        "accuracy": 0.7400990099009901,
        "precision": 0.7168141592920354,
        "recall": 0.3127413127413127,
        "f1_score": 0.43548387096774194,
        "confusion_matrix": [
            [
                517,
                32
            ],
            [
                178,
                81
            ]
        ],
        "feature_importance": []
    },
    "Random Forest": {
        "accuracy": 0.7215346534653465,
        "precision": 0.5955056179775281,
        "recall": 0.4092664092664093,
        "f1_score": 0.4851258581235698,
        "confusion_matrix": [
            [
                477,
                72
            ],
            [
                153,
                106
            ]
        ],
        "feature_importance": {
            "Recency": 0.22354495573847266,
            "Frequency": 0.12049839653674992,
            "Monetary": 0.25800197770773126,
            "AvgOrderValue": 0.2315434145286684,
            "PurchaseFreqPerMonth": 0.16641125548837787
        }
    },
    "Gradient Boosting": {
        "accuracy": 0.745049504950495,
        "precision": 0.6778523489932886,
        "recall": 0.38996138996138996,
        "f1_score": 0.4950980392156863,
        "confusion_matrix": [
            [
                501,
                48
            ],
            [
                158,
                101
            ]
        ],
        "feature_importance": {
            "Recency": 0.14336233425456393,
            "Frequency": 0.5244511807938057,
            "Monetary": 0.11092127293501995,
            "AvgOrderValue": 0.10503472929321661,
            "PurchaseFreqPerMonth": 0.11623048272339381
        }
    }
}